<?xml version="1.0" encoding="UTF-8"?>
<project-private xmlns="http://www.netbeans.org/ns/project-private/1">
    <data xmlns="http://www.netbeans.org/ns/make-project-private/1">
        <activeConfTypeElem>1</activeConfTypeElem>
        <activeConfIndexElem>0</activeConfIndexElem>
    </data>
    <editor-bookmarks xmlns="http://www.netbeans.org/ns/editor-bookmarks/2" lastBookmarkId="0"/>
    <open-files xmlns="http://www.netbeans.org/ns/projectui-open-files/2">
        <group>
            <file>file:/C:/Users/javie/Documents/GitHub/Practicas/P3/P3_E3/node.c</file>
            <file>file:/C:/Users/javie/Documents/GitHub/Practicas/P3/P3_E3/p3_e3.c</file>
            <file>file:/C:/Users/javie/Documents/GitHub/Practicas/P3/P3_E3/functions.c</file>
            <file>file:/C:/Users/javie/Documents/GitHub/Practicas/P3/P3_E3/list.c</file>
        </group>
    </open-files>
</project-private>
