<?xml version="1.0" encoding="UTF-8"?>
<configurationDescriptor version="97">
  <logicalFolder name="root" displayName="root" projectFiles="true" kind="ROOT">
    <logicalFolder name="HeaderFiles"
                   displayName="Header Files"
                   projectFiles="true">
      <itemPath>functions.h</itemPath>
      <itemPath>graph.h</itemPath>
      <itemPath>node.h</itemPath>
      <itemPath>queue.h</itemPath>
      <itemPath>types.h</itemPath>
    </logicalFolder>
    <logicalFolder name="ResourceFiles"
                   displayName="Resource Files"
                   projectFiles="true">
    </logicalFolder>
    <logicalFolder name="SourceFiles"
                   displayName="Source Files"
                   projectFiles="true">
      <itemPath>functions.c</itemPath>
      <itemPath>graph.c</itemPath>
      <itemPath>node.c</itemPath>
      <itemPath>p3_e2.c</itemPath>
      <itemPath>queue.c</itemPath>
    </logicalFolder>
    <logicalFolder name="TestFiles"
                   displayName="Test Files"
                   projectFiles="false"
                   kind="TEST_LOGICAL_FOLDER">
    </logicalFolder>
    <logicalFolder name="ExternalFiles"
                   displayName="Important Files"
                   projectFiles="false"
                   kind="IMPORTANT_FILES_FOLDER">
      <itemPath>Makefile</itemPath>
    </logicalFolder>
  </logicalFolder>
  <projectmakefile>Makefile</projectmakefile>
  <confs>
    <conf name="Debug" type="1">
      <toolsSet>
        <compilerSet>default</compilerSet>
        <dependencyChecking>true</dependencyChecking>
        <rebuildPropChanged>false</rebuildPropChanged>
      </toolsSet>
      <compileType>
      </compileType>
      <item path="functions.c" ex="false" tool="0" flavor2="0">
      </item>
      <item path="functions.h" ex="false" tool="3" flavor2="0">
      </item>
      <item path="graph.c" ex="false" tool="0" flavor2="0">
      </item>
      <item path="graph.h" ex="false" tool="3" flavor2="0">
      </item>
      <item path="node.c" ex="false" tool="0" flavor2="0">
      </item>
      <item path="node.h" ex="false" tool="3" flavor2="0">
      </item>
      <item path="p3_e2.c" ex="false" tool="0" flavor2="0">
      </item>
      <item path="queue.c" ex="false" tool="0" flavor2="0">
      </item>
      <item path="queue.h" ex="false" tool="3" flavor2="0">
      </item>
      <item path="types.h" ex="false" tool="3" flavor2="0">
      </item>
    </conf>
    <conf name="Release" type="1">
      <toolsSet>
        <compilerSet>default</compilerSet>
        <dependencyChecking>true</dependencyChecking>
        <rebuildPropChanged>false</rebuildPropChanged>
      </toolsSet>
      <compileType>
        <cTool>
          <developmentMode>5</developmentMode>
        </cTool>
        <ccTool>
          <developmentMode>5</developmentMode>
        </ccTool>
        <fortranCompilerTool>
          <developmentMode>5</developmentMode>
        </fortranCompilerTool>
        <asmTool>
          <developmentMode>5</developmentMode>
        </asmTool>
      </compileType>
      <item path="functions.c" ex="false" tool="0" flavor2="0">
      </item>
      <item path="functions.h" ex="false" tool="3" flavor2="0">
      </item>
      <item path="graph.c" ex="false" tool="0" flavor2="0">
      </item>
      <item path="graph.h" ex="false" tool="3" flavor2="0">
      </item>
      <item path="node.c" ex="false" tool="0" flavor2="0">
      </item>
      <item path="node.h" ex="false" tool="3" flavor2="0">
      </item>
      <item path="p3_e2.c" ex="false" tool="0" flavor2="0">
      </item>
      <item path="queue.c" ex="false" tool="0" flavor2="0">
      </item>
      <item path="queue.h" ex="false" tool="3" flavor2="0">
      </item>
      <item path="types.h" ex="false" tool="3" flavor2="0">
      </item>
    </conf>
  </confs>
</configurationDescriptor>
