<?xml version="1.0" encoding="UTF-8"?>
<project-private xmlns="http://www.netbeans.org/ns/project-private/1">
    <data xmlns="http://www.netbeans.org/ns/make-project-private/1">
        <activeConfTypeElem>1</activeConfTypeElem>
        <activeConfIndexElem>0</activeConfIndexElem>
    </data>
    <editor-bookmarks xmlns="http://www.netbeans.org/ns/editor-bookmarks/2" lastBookmarkId="0"/>
    <open-files xmlns="http://www.netbeans.org/ns/projectui-open-files/2">
        <group>
            <file>file:/D:/P3/P3_E2/node.c</file>
            <file>file:/D:/P3/P3_E2/queue.h</file>
            <file>file:/D:/P3/P3_E2/p3_e2.c</file>
            <file>file:/D:/P3/P3_E2/types.h</file>
            <file>file:/D:/P3/P3_E2/graph.c</file>
        </group>
    </open-files>
</project-private>
